{
  "run": {
    "ckpt": "outputs/ablations_4class/train_1_base_msr/best_model.pt",
    "val_path": "data/splits/val.parquet",
    "text_col": "text_clean",
    "msr_strength": 0.3
  },
  "absa": {
    "overall_macro_f1_4class": 0.5394205236099705,
    "overall_macro_f1_sentiment": 0.6222585945783348,
    "overall_weighted_f1": 0.7179455925760324,
    "overall_balanced_accuracy": 0.6006964973058369,
    "hamming_loss": 0.319270608545533,
    "exact_match_ratio": 0.0324773413897281,
    "per_aspect": {
      "stayingpower": {
        "f1_macro_4class": 0.5089277324145746,
        "f1_weighted_4class": 0.7425237817295379,
        "f1_macro_sentiment": 0.5889858335678769,
        "f1_presence": 0.5848623853211009,
        "balanced_accuracy": 0.5919902139153945,
        "g_mean": 0.49108398908593154,
        "per_class": {
          "negative": {
            "precision": 0.7887323943661971,
            "recall": 0.5957446808510638,
            "f1": 0.6787878787878788
          },
          "neutral": {
            "precision": 0.026845637583892617,
            "recall": 0.15384615384615385,
            "f1": 0.045714285714285714
          },
          "positive": {
            "precision": 0.35309278350515466,
            "recall": 0.9513888888888888,
            "f1": 0.5150375939849624
          },
          "null": {
            "precision": 0.9874301675977654,
            "recall": 0.6669811320754717,
            "f1": 0.7961711711711712
          }
        },
        "confusion_matrix": [
          [
            56,
            13,
            21,
            4
          ],
          [
            1,
            4,
            21,
            0
          ],
          [
            1,
            1,
            137,
            5
          ],
          [
            13,
            131,
            209,
            707
          ]
        ],
        "labels_order": [
          "negative",
          "neutral",
          "positive",
          "null"
        ]
      },
      "texture": {
        "f1_macro_4class": 0.5693686061102937,
        "f1_weighted_4class": 0.7087532581457129,
        "f1_macro_sentiment": 0.7697500588227225,
        "f1_presence": 0.7196911196911197,
        "balanced_accuracy": 0.7091753420737698,
        "g_mean": 0.6817888909665729,
        "per_class": {
          "negative": {
            "precision": 0.24714828897338403,
            "recall": 0.8552631578947368,
            "f1": 0.3834808259587021
          },
          "neutral": {
            "precision": 0.3291139240506329,
            "recall": 0.4642857142857143,
            "f1": 0.3851851851851852
          },
          "positive": {
            "precision": 0.6645833333333333,
            "recall": 0.9354838709677419,
            "f1": 0.7771010962241169
          },
          "null": {
            "precision": 0.9860557768924303,
            "recall": 0.581668625146886,
            "f1": 0.7317073170731707
          }
        },
        "confusion_matrix": [
          [
            65,
            4,
            7,
            0
          ],
          [
            8,
            26,
            21,
            1
          ],
          [
            9,
            7,
            319,
            6
          ],
          [
            181,
            42,
            133,
            495
          ]
        ],
        "labels_order": [
          "negative",
          "neutral",
          "positive",
          "null"
        ]
      },
      "smell": {
        "f1_macro_4class": 0.5887357617696225,
        "f1_weighted_4class": 0.7106612770754376,
        "f1_macro_sentiment": 0.6872985170857512,
        "f1_presence": 0.5989949748743718,
        "balanced_accuracy": 0.679789668700959,
        "g_mean": 0.6605360348063865,
        "per_class": {
          "negative": {
            "precision": 0.9047619047619048,
            "recall": 0.5135135135135135,
            "f1": 0.6551724137931034
          },
          "neutral": {
            "precision": 0.29411764705882354,
            "recall": 0.625,
            "f1": 0.4
          },
          "positive": {
            "precision": 0.3755868544600939,
            "recall": 0.967741935483871,
            "f1": 0.5411499436302142
          },
          "null": {
            "precision": 0.9952380952380953,
            "recall": 0.6129032258064516,
            "f1": 0.7586206896551724
          }
        },
        "confusion_matrix": [
          [
            19,
            17,
            1,
            0
          ],
          [
            0,
            10,
            6,
            0
          ],
          [
            1,
            4,
            240,
            3
          ],
          [
            1,
            3,
            392,
            627
          ]
        ],
        "labels_order": [
          "negative",
          "neutral",
          "positive",
          "null"
        ]
      },
      "price": {
        "f1_macro_4class": 0.3897944589735208,
        "f1_weighted_4class": 0.6999332858614421,
        "f1_macro_sentiment": 0.32486772486772486,
        "f1_presence": 0.54421768707483,
        "balanced_accuracy": 0.36065079365079367,
        "g_mean": 0.0008218049675158504,
        "per_class": {
          "negative": {
            "precision": 0.0,
            "recall": 0.0,
            "f1": 0.0
          },
          "neutral": {
            "precision": 0.0,
            "recall": 0.0,
            "f1": 0.0
          },
          "positive": {
            "precision": 0.8771428571428571,
            "recall": 0.9746031746031746,
            "f1": 0.9233082706766917
          },
          "null": {
            "precision": 0.9915254237288136,
            "recall": 0.468,
            "f1": 0.6358695652173914
          }
        },
        "confusion_matrix": [
          [
            0,
            0,
            2,
            0
          ],
          [
            0,
            0,
            6,
            1
          ],
          [
            0,
            5,
            307,
            3
          ],
          [
            0,
            497,
            35,
            468
          ]
        ],
        "labels_order": [
          "negative",
          "neutral",
          "positive",
          "null"
        ]
      },
      "colour": {
        "f1_macro_4class": 0.6508412244552635,
        "f1_weighted_4class": 0.7231233929375273,
        "f1_macro_sentiment": 0.7322036564820946,
        "f1_presence": 0.8439755691282621,
        "balanced_accuracy": 0.6462532460495956,
        "g_mean": 0.6224762915773008,
        "per_class": {
          "negative": {
            "precision": 0.8461538461538461,
            "recall": 0.5689655172413793,
            "f1": 0.6804123711340206
          },
          "neutral": {
            "precision": 0.3888888888888889,
            "recall": 0.5384615384615384,
            "f1": 0.45161290322580644
          },
          "positive": {
            "precision": 0.6827661909989023,
            "recall": 0.9749216300940439,
            "f1": 0.8030987734021949
          },
          "null": {
            "precision": 0.9964788732394366,
            "recall": 0.5026642984014209,
            "f1": 0.6682408500590319
          }
        },
        "confusion_matrix": [
          [
            33,
            18,
            7,
            0
          ],
          [
            2,
            35,
            28,
            0
          ],
          [
            0,
            15,
            622,
            1
          ],
          [
            4,
            22,
            254,
            283
          ]
        ],
        "labels_order": [
          "negative",
          "neutral",
          "positive",
          "null"
        ]
      },
      "shipping": {
        "f1_macro_4class": 0.6862514554363695,
        "f1_weighted_4class": 0.8766799154022955,
        "f1_macro_sentiment": 0.6772292250233427,
        "f1_presence": 0.8832,