{
  "run": {
    "ckpt": "outputs/exp_a_baseline/best_model.pt",
    "val_path": "data/splits/val.parquet",
    "text_col": "text_clean",
    "msr_strength": 0.0
  },
  "absa": {
    "overall_macro_f1": 0.7088699806676309,
    "per_aspect": {
      "stayingpower": {
        "f1_macro": 0.8082446351045457,
        "f1_weighted": 0.8646928404887164,
        "per_class": {
          "negative": {
            "precision": 0.9080459770114943,
            "recall": 0.8404255319148937,
            "f1": 0.8729281767955801
          },
          "neutral": {
            "precision": 0.6206896551724138,
            "recall": 0.6923076923076923,
            "f1": 0.6545454545454545
          },
          "positive": {
            "precision": 0.8851351351351351,
            "recall": 0.9097222222222222,
            "f1": 0.8972602739726028
          }
        },
        "confusion_matrix": [
          [
            79,
            3,
            12
          ],
          [
            3,
            18,
            5
          ],
          [
            5,
            8,
            131
          ]
        ],
        "labels_order": [
          "negative",
          "neutral",
          "positive"
        ]
      },
      "texture": {
        "f1_macro": 0.8151653864920659,
        "f1_weighted": 0.8915958805704052,
        "per_class": {
          "negative": {
            "precision": 0.8023255813953488,
            "recall": 0.9078947368421053,
            "f1": 0.8518518518518519
          },
          "neutral": {
            "precision": 0.6862745098039216,
            "recall": 0.625,
            "f1": 0.6542056074766355
          },
          "positive": {
            "precision": 0.9464285714285714,
            "recall": 0.9325513196480938,
            "f1": 0.9394387001477105
          }
        },
        "confusion_matrix": [
          [
            69,
            3,
            4
          ],
          [
            7,
            35,
            14
          ],
          [
            10,
            13,
            318
          ]
        ],
        "labels_order": [
          "negative",
          "neutral",
          "positive"
        ]
      },
      "smell": {
        "f1_macro": 0.6990629183400268,
        "f1_weighted": 0.9101976010353706,
        "per_class": {
          "negative": {
            "precision": 0.7441860465116279,
            "recall": 0.8648648648648649,
            "f1": 0.8
          },
          "neutral": {
            "precision": 0.5,
            "recall": 0.25,
            "f1": 0.3333333333333333
          },
          "positive": {
            "precision": 0.96,
            "recall": 0.967741935483871,
            "f1": 0.963855421686747
          }
        },
        "confusion_matrix": [
          [
            32,
            1,
            4
          ],
          [
            6,
            4,
            6
          ],
          [
            5,
            3,
            240
          ]
        ],
        "labels_order": [
          "negative",
          "neutral",
          "positive"
        ]
      },
      "price": {
        "f1_macro": 0.5168983063719906,
        "f1_weighted": 0.9600010126325915,
        "per_class": {
          "negative": {
            "precision": 0.2,
            "recall": 0.5,
            "f1": 0.2857142857142857
          },
          "neutral": {
            "precision": 0.2857142857142857,
            "recall": 0.2857142857142857,
            "f1": 0.2857142857142857
          },
          "positive": {
            "precision": 0.9839743589743589,
            "recall": 0.9746031746031746,
            "f1": 0.9792663476874003
          }
        },
        "confusion_matrix": [
          [
            1,
            0,
            1
          ],
          [
            1,
            2,
            4
          ],
          [
            3,
            5,
            307
          ]
        ],
        "labels_order": [
          "negative",
          "neutral",
          "positive"
        ]
      },
      "colour": {
        "f1_macro": 0.7747505458894576,
        "f1_weighted": 0.9119582365703208,
        "per_class": {
          "negative": {
            "precision": 0.7678571428571429,
            "recall": 0.7413793103448276,
            "f1": 0.7543859649122807
          },
          "neutral": {
            "precision": 0.5833333333333334,
            "recall": 0.6461538461538462,
            "f1": 0.6131386861313869
          },
          "positive": {
            "precision": 0.9605055292259084,
            "recall": 0.9529780564263323,
            "f1": 0.956726986624705
          }
        },
        "confusion_matrix": [
          [
            43,
            7,
            8
          ],
          [
            6,
            42,
            17
          ],
          [
            7,
            23,
            608
          ]
        ],
        "labels_order": [
          "negative",
          "neutral",
          "positive"
        ]
      },
      "shipping": {
        "f1_macro": 0.757249494482096,
        "f1_weighted": 0.9196823570519865,
        "per_class": {
          "negative": {
            "precision": 0.9289617486338798,
            "recall": 0.9550561797752809,
            "f1": 0.9418282548476454
          },
          "neutral": {
            "precision": 0.30434782608695654,
            "recall": 0.5,
            "f1": 0.3783783783783784
          },
          "positive": {
            "precision": 0.9848024316109423,
            "recall": 0.9204545454545454,
            "f1": 0.9515418502202643
          }
        },
        "confusion_matrix": [
          [
            170,
            7,
            1
          ],
          [
            10,
            14,
            4
          ],
          [
            3,
            25,
            324
          ]
        ],
        "labels_order": [
          "negative",
          "neutral",
          "positive"
        ]
      },
      "packing": {
        "f1_macro": 0.5907185779932334,
        "f1_weighted": 0.9786244001744948,
        "per_class": {
          "negative": {
            "precision": 0.75,
            "recall": 0.8181818181818182,
            "f1": 0.782608695652174
          },
          "neutral": {
            "precision": 0.0,
            "recall": 0.0,
            "f1": 0.0
          },
          "positive": {
            "precision": 0.9895470383275261,
            "recall": 0.9895470383275261,
            "f1": 0.9895470383275261
          }
        },
        "confusion_matrix": [
          [
            9,
            0,
            2
          ],
          [
            0,
            0,
            1
          ],
          [
            3,
            0,
            284
          ]
        ],
        "labels_order": [
          "negative",
          "neutral",
          "positive"
        ]
      }
    }
  },
  "conflict": {
    "best_threshold": 0.5499999999999999,
    "mixed_f1_at_best_threshold": 0.7030716723549488,
    "conf_f1_macro": 0.7336496573156859,
    "mixed_f1": 0.7030716723549488,
    "clear_mean_score": 0.554408848285675,
    "mixed_mean_score": 0.6083624362945557,
    "separation": 0.053953588008880615,
    "mixed_rate_true": 0.32326283987915405,
    "mixed_rate_pred": 0.5619335347432024
  },
  "msr_error_reduction": {
    "per_aspect": {
      "stayingpower": {
        "before": 36,
        "after": 36,
        "reduction": 0
      },
      "texture": {
        "before": 51,
        "after": 51,
        "reduction": 0
      },
      "smell": {
        "before": 25,
        "after": 25,
        "reduction": 0
      },
      "price": {
        "before": 14,
        "after": 14,
        "reduction": 0
      },
      "colour": {
        "before": 68,
        "after": 68,
        "reduction": 0
      },
      "shipping": {
        "before": 50,
        "after": 50,
        "reduction": 0
      },
      "packing": {
        "before": 6,
        "after": 6,