{
  "stayingpower": {
    "accuracy": 0.8567961165048543,
    "macro_precision": 0.7917187233316265,
    "macro_recall": 0.796275108060005,
    "macro_f1": 0.7932888376708602,
    "weighted_precision": 0.8589591318310391,
    "weighted_recall": 0.8567961165048543,
    "weighted_f1": 0.8570620508904572,
    "mcc": 0.751730696065766,
    "per_class_precision": [
      0.8266666666666667,
      0.6222222222222222,
      0.9262672811059908
    ],
    "per_class_recall": [
      0.8985507246376812,
      0.6086956521739131,
      0.881578947368421
    ],
    "per_class_f1": [
      0.8611111111111112,
      0.6153846153846154,
      0.903370786516854
    ],
    "support": [
      138,
      46,
      228
    ],
    "confusion_matrix": [
      [
        124,
        4,
        10
      ],
      [
        12,
        28,
        6
      ],
      [
        14,
        13,
        201
      ]
    ]
  },
  "texture": {
    "accuracy": 0.9043715846994536,
    "macro_precision": 0.8327591157048522,
    "macro_recall": 0.7886131551545086,
    "macro_f1": 0.8088315312173003,
    "weighted_precision": 0.899913568661186,
    "weighted_recall": 0.9043715846994536,
    "weighted_f1": 0.9012899271042529,
    "mcc": 0.7655638868807465,
    "per_class_precision": [
      0.8703703703703703,
      0.6923076923076923,
      0.9355992844364938
    ],
    "per_class_recall": [
      0.8034188034188035,
      0.5921052631578947,
      0.9703153988868275
    ],
    "per_class_f1": [
      0.8355555555555556,
      0.6382978723404256,
      0.9526411657559198
    ],
    "support": [
      117,
      76,
      539
    ],
    "confusion_matrix": [
      [
        94,
        7,
        16
      ],
      [
        11,
        45,
        20
      ],
      [
        3,
        13,
        523
      ]
    ]
  },
  "smell": {
    "accuracy": 0.925754060324826,
    "macro_precision": 0.7152615769330466,
    "macro_recall": 0.756479239530087,
    "macro_f1": 0.7310765422035037,
    "weighted_precision": 0.9368869394277767,
    "weighted_recall": 0.925754060324826,
    "weighted_f1": 0.9307777090070201,
    "mcc": 0.7661279654790377,
    "per_class_precision": [
      0.8888888888888888,
      0.2857142857142857,
      0.9711815561959655
    ],
    "per_class_recall": [
      0.8888888888888888,
      0.42857142857142855,
      0.9519774011299436
    ],
    "per_class_f1": [
      0.8888888888888888,
      0.34285714285714286,
      0.9614835948644793
    ],
    "support": [
      63,
      14,
      354
    ],
    "confusion_matrix": [
      [
        56,
        2,
        5
      ],
      [
        3,
        6,
        5
      ],
      [
        4,
        13,
        337
      ]
    ]
  },
  "price": {
    "accuracy": 0.9653767820773931,
    "macro_precision": 0.32244897959183677,
    "macro_recall": 0.33263157894736844,
    "macro_f1": 0.32746113989637304,
    "weighted_precision": 0.9358244316056361,
    "weighted_recall": 0.9653767820773931,
    "weighted_f1": 0.9503709253611641,
    "mcc": -0.006970487150712642,
    "per_class_precision": [
      0.0,
      0.0,
      0.9673469387755103
    ],
    "per_class_recall": [
      0.0,
      0.0,
      0.9978947368421053
    ],
    "per_class_f1": [
      0.0,
      0.0,
      0.9823834196891191
    ],
    "support": [
      5,
      11,
      475
    ],
    "confusion_matrix": [
      [
        0,
        0,
        5
      ],
      [
        0,
        0,
        11
      ],
      [
        0,
        1,
        474
      ]
    ]
  },
  "colour": {
    "accuracy": 0.9221238938053097,
    "macro_precision": 0.775534188034188,
    "macro_recall": 0.7580904690432231,
    "macro_f1": 0.7646956963813499,
    "weighted_precision": 0.9194335715906513,
    "weighted_recall": 0.9221238938053097,
    "weighted_f1": 0.9203096122607632,
    "mcc": 0.713518785897169,
    "per_class_precision": [
      0.7333333333333333,
      0.6307692307692307,
      0.9625
    ],
    "per_class_recall": [
      0.7857142857142857,
      0.5189873417721519,
      0.9695697796432319
    ],
    "per_class_f1": [
      0.7586206896551724,
      0.5694444444444444,
      0.9660219550444328
    ],
    "support": [
      98,
      79,
      953
    ],
    "confusion_matrix": [
      [
        77,
        9,
        12
      ],
      [
        14,
        41,
        24
      ],
      [
        14,
        15,
        924
      ]
    ]
  },
  "shipping": {
    "accuracy": 0.9264705882352942,
    "macro_precision": 0.7916022043962391,
    "macro_recall": 0.8039998976681121,
    "macro_f1": 0.7975035939040439,
    "weighted_precision": 0.9284652817930547,
    "weighted_recall": 0.9264705882352942,
    "weighted_f1": 0.9271839508308112,
    "mcc": 0.855809472002775,
    "per_class_precision": [
      0.9207547169811321,
      0.48,
      0.9740518962075848
    ],
    "per_class_recall": [
      0.9644268774703557,
      0.5,
      0.9475728155339805
    ],
    "per_class_f1": [
      0.9420849420849421,
      0.4897959183673469,
      0.9606299212598425
    ],
    "support": [
      253,
      48,
      515
    ],
    "confusion_matrix": [
      [
        244,
        4,
        5
      ],
      [
        16,
        24,
        8
      ],
      [
        5,
        22,
        488
      ]
    ]
  },
  "packing": {
    "accuracy": 0.977924944812362,
    "macro_precision": 0.5745811565483696,
    "macro_recall": 0.631035631035631,
    "macro_f1": 0.5997216146351163,
    "weighted_precision": 0.9742430514876504,
    "weighted_recall": 0.977924944812362,
    "weighted_f1": 0.9756498401983726,
    "mcc": 0.79027852180752,
    "per_class_precision": [
      0.7307692307692307,
      0.0,
      0.9929742388758782
    ],
    "per_class_recall": [
      0.9047619047619048,
      0.0,
      0.9883449883449883
    ],
    "per_class_f1": [
      0.8085106382978723,
      0.0,
      0.9906542056074766
    ],
    "support": [
      21,
      3,
      429
    ],
    "confusion_matrix": [
      [
        19,
        0,
        2
      ],
      [
        2,
        0,
        1
      ],
      [
        5,
        0,
        424
      ]
    ]
  },
  "overall": {
    "accuracy": 0.9247480403135498,
    "macro_precision": 0.8007365297074766,
    "macro_recall": 0.7894606120756992,
    "macro_f1": 0.7944252740884274,
    "weighted_precision": 0.9227205659668493,
    "weighted_recall": 0.9247480403135498,
    "weighted_f1": 0.9235883149172804,
    "mcc": 0.7899869524934442,
    "per_class_precision": [
      0.8563458856345886,
      0.582995951417004,
      0.9628677520708369
    ],
    "per_class_recall": [
      0.883453237410072,
      0.51985559566787,
      0.9650730031491555
    ],
    "per_class_f1": [
      0.8696883852691218,
      0.549618320610687,
      0.9639691163854732
    ],
    "support": [
      695,
      277,
      3493
    ],
    "confusion_matrix": [
      [
        614,
        26,
        55
      ],
      [
        58,
        144,
        75
      ],
      [
        45,
        77,
        3371
      ]
    ]
  }
}