{
  "run": {
    "ckpt": "outputs/ablations_4class/train_3_synth_base/best_model.pt",
    "val_path": "data/splits/val.parquet",
    "text_col": "text_clean",
    "msr_strength": 0.0
  },
  "absa": {
    "overall_macro_f1_4class": 0.563726902729138,
    "overall_macro_f1_sentiment": 0.7220007772061984,
    "overall_weighted_f1": 0.7052405646523009,
    "overall_balanced_accuracy": 0.6897098107348033,
    "hamming_loss": 0.33113940440224426,
    "exact_match_ratio": 0.03172205438066465,
    "per_aspect": {
      "stayingpower": {
        "f1_macro_4class": 0.6529330938291631,
        "f1_weighted_4class": 0.8484392455846812,
        "f1_macro_sentiment": 0.7715527094258438,
        "f1_presence": 0.6837837837837838,
        "balanced_accuracy": 0.7899565787261492,
        "g_mean": 0.7872734671654521,
        "per_class": {
          "negative": {
            "precision": 0.7008547008547008,
            "recall": 0.8723404255319149,
            "f1": 0.7772511848341233
          },
          "neutral": {
            "precision": 0.08333333333333333,
            "recall": 0.6923076923076923,
            "f1": 0.1487603305785124
          },
          "positive": {
            "precision": 0.8111888111888111,
            "recall": 0.8055555555555556,
            "f1": 0.8083623693379791
          },
          "null": {
            "precision": 0.9870283018867925,
            "recall": 0.789622641509434,
            "f1": 0.8773584905660378
          }
        },
        "confusion_matrix": [
          [
            82,
            4,
            4,
            4
          ],
          [
            4,
            18,
            4,
            0
          ],
          [
            5,
            16,
            116,
            7
          ],
          [
            26,
            178,
            19,
            837
          ]
        ],
        "labels_order": [
          "negative",
          "neutral",
          "positive",
          "null"
        ]
      },
      "texture": {
        "f1_macro_4class": 0.6146152049655943,
        "f1_weighted_4class": 0.7394587241063184,
        "f1_macro_sentiment": 0.7794482870129528,
        "f1_presence": 0.7390263367916999,
        "balanced_accuracy": 0.7300591982094344,
        "g_mean": 0.6989552086478117,
        "per_class": {
          "negative": {
            "precision": 0.26037735849056604,
            "recall": 0.9078947368421053,
            "f1": 0.4046920821114369
          },
          "neutral": {
            "precision": 0.5681818181818182,
            "recall": 0.44642857142857145,
            "f1": 0.5
          },
          "positive": {
            "precision": 0.6794055201698513,
            "recall": 0.9384164222873901,
            "f1": 0.7881773399014779
          },
          "null": {
            "precision": 0.9816176470588235,
            "recall": 0.627497062279671,
            "f1": 0.7655913978494624
          }
        },
        "confusion_matrix": [
          [
            69,
            2,
            4,
            1
          ],
          [
            11,
            25,
            18,
            2
          ],
          [
            6,
            8,
            320,
            7
          ],
          [
            179,
            9,
            129,
            534
          ]
        ],
        "labels_order": [
          "negative",
          "neutral",
          "positive",
          "null"
        ]
      },
      "smell": {
        "f1_macro_4class": 0.5436039822947405,
        "f1_weighted_4class": 0.8250908656586753,
        "f1_macro_sentiment": 0.6356659708098252,
        "f1_presence": 0.717948717948718,
        "balanced_accuracy": 0.6737763698449182,
        "g_mean": 0.45211537347874164,
        "per_class": {
          "negative": {
            "precision": 0.358695652173913,
            "recall": 0.8918918918918919,
            "f1": 0.5116279069767442
          },
          "neutral": {
            "precision": 0.07692307692307693,
            "recall": 0.0625,
            "f1": 0.06896551724137931
          },
          "positive": {
            "precision": 0.576271186440678,
            "recall": 0.9596774193548387,
            "f1": 0.7201210287443268
          },
          "null": {
            "precision": 0.9913151364764268,
            "recall": 0.7810361681329423,
            "f1": 0.8737014762165117
          }
        },
        "confusion_matrix": [
          [
            33,
            0,
            4,
            0
          ],
          [
            6,
            1,
            9,
            0
          ],
          [
            3,
            0,
            238,
            7
          ],
          [
            50,
            12,
            162,
            799
          ]
        ],
        "labels_order": [
          "negative",
          "neutral",
          "positive",
          "null"
        ]
      },
      "price": {
        "f1_macro_4class": 0.41285864534719147,
        "f1_weighted_4class": 0.5949693657279206,
        "f1_macro_sentiment": 0.5397289972899729,
        "f1_presence": 0.5003885003885004,
        "balanced_accuracy": 0.5933214285714286,
        "g_mean": 0.5576592363313356,
        "per_class": {
          "negative": {
            "precision": 0.2,
            "recall": 0.5,
            "f1": 0.2857142857142857
          },
          "neutral": {
            "precision": 0.007246376811594203,
            "recall": 0.5714285714285714,
            "f1": 0.014311270125223614
          },
          "positive": {
            "precision": 0.7315270935960592,
            "recall": 0.9428571428571428,
            "f1": 0.8238557558945908
          },
          "null": {
            "precision": 0.9944598337950139,
            "recall": 0.359,
            "f1": 0.5275532696546656
          }
        },
        "confusion_matrix": [
          [
            1,
            0,
            1,
            0
          ],
          [
            1,
            4,
            2,
            0
          ],
          [
            2,
            14,
            297,
            2
          ],
          [
            1,
            534,
            106,
            359
          ]
        ],
        "labels_order": [
          "negative",
          "neutral",
          "positive",
          "null"
        ]
      },
      "colour": {
        "f1_macro_4class": 0.6682673394366312,
        "f1_weighted_4class": 0.8128012086601266,
        "f1_macro_sentiment": 0.7568953434231432,
        "f1_presence": 0.8816326530612245,
        "balanced_accuracy": 0.702619507949636,
        "g_mean": 0.6782205144543769,
        "per_class": {
          "negative": {
            "precision": 0.7,
            "recall": 0.7241379310344828,
            "f1": 0.711864406779661
          },
          "neutral": {
            "precision": 0.19607843137254902,
            "recall": 0.46153846153846156,
            "f1": 0.27522935779816515
          },
          "positive": {
            "precision": 0.8407557354925776,
            "recall": 0.9764890282131662,
            "f1": 0.9035532994923858
          },
          "null": {
            "precision": 0.9864864864864865,
            "recall": 0.6483126110124334,
            "f1": 0.782422293676313
          }
        },
        "confusion_matrix": [
          [
            42,
            5,
            10,
            1
          ],
          [
            8,
            30,
            27,
            0
          ],
          [
            4,
            7,
            623,
            4
          ],
          [
            6,
            111,
            81,
            365
          ]
        ],
        "labels_order": [
          "negative",
          "neutral",
          "positive",
          "null"
        ]
      },
      "shipping": {
        "f1_macro_4class": 0.5584762289792946,
        "f1_weighted_4class": 0.6337103913379061,