tag,overall_macro_f1,conflict_macro_f1,mixed_f1,separation,msr_reduction
msr_main,0.7240908891030912,0.8108260129605415,0.7669616519174042,0.07184493541717529,50
baseline_main,0.6952548615632337,0.7776989509728804,0.7360594795539034,0.056880295276641846,0
