Aspect,Baseline F1,MSR F1,Delta
stayingpower,0.8113757979529792,0.8098541980894921,-0.0015215998634870997
texture,0.7952197464678616,0.792319294581738,-0.002900451886123645
smell,0.7194781826360774,0.7373883811324718,0.017910198496394414
price,0.38709368567188474,0.48282828282828283,0.0957345971563981
colour,0.8092783159876055,0.7610740569193557,-0.048204259068249766
shipping,0.7726386974831452,0.7553229973944546,-0.017315700088690544
packing,0.571699604743083,0.729849012775842,0.158149408032759
