Model,Overall Macro F1,Conflict Macro F1,Separation Score,MSR Reduction
RoBERTa Baseline,0.6952548615632337,0.7776989509728804,0.056880295276641846,0
RoBERTa + MSR (Eagle v3),0.7240908891030912,0.8108260129605415,0.07184493541717529,50
