{
  "run": {
    "ckpt": "outputs/ablations_4class/train_2_sampler_base/best_model.pt",
    "val_path": "data/splits/val.parquet",
    "text_col": "text_clean",
    "msr_strength": 0.0
  },
  "absa": {
    "overall_macro_f1_4class": 0.586702289181693,
    "overall_macro_f1_sentiment": 0.6686032670776555,
    "overall_weighted_f1": 0.747408554792922,
    "overall_balanced_accuracy": 0.6525898154425924,
    "hamming_loss": 0.2983383685800604,
    "exact_match_ratio": 0.04003021148036254,
    "per_aspect": {
      "stayingpower": {
        "f1_macro_4class": 0.6299479893069523,
        "f1_weighted_4class": 0.820777759779546,
        "f1_macro_sentiment": 0.7446282102998522,
        "f1_presence": 0.6352040816326531,
        "balanced_accuracy": 0.745393984583818,
        "g_mean": 0.7373029756430508,
        "per_class": {
          "negative": {
            "precision": 0.7168141592920354,
            "recall": 0.8617021276595744,
            "f1": 0.782608695652174
          },
          "neutral": {
            "precision": 0.05813953488372093,
            "recall": 0.5769230769230769,
            "f1": 0.1056338028169014
          },
          "positive": {
            "precision": 0.7718120805369127,
            "recall": 0.7986111111111112,
            "f1": 0.7849829351535836
          },
          "null": {
            "precision": 0.9813432835820896,
            "recall": 0.7443396226415094,
            "f1": 0.8465665236051502
          }
        },
        "confusion_matrix": [
          [
            81,
            6,
            2,
            5
          ],
          [
            4,
            15,
            7,
            0
          ],
          [
            6,
            13,
            115,
            10
          ],
          [
            22,
            224,
            25,
            789
          ]
        ],
        "labels_order": [
          "negative",
          "neutral",
          "positive",
          "null"
        ]
      },
      "texture": {
        "f1_macro_4class": 0.6156560743246313,
        "f1_weighted_4class": 0.7762971486760039,
        "f1_macro_sentiment": 0.7717394054395953,
        "f1_presence": 0.7687188019966722,
        "balanced_accuracy": 0.7387607372567142,
        "g_mean": 0.7193474619343495,
        "per_class": {
          "negative": {
            "precision": 0.2723404255319149,
            "recall": 0.8421052631578947,
            "f1": 0.4115755627009646
          },
          "neutral": {
            "precision": 0.3373493975903614,
            "recall": 0.5,
            "f1": 0.4028776978417266
          },
          "positive": {
            "precision": 0.7688564476885644,
            "recall": 0.9266862170087976,
            "f1": 0.8404255319148937
          },
          "null": {
            "precision": 0.9815126050420168,
            "recall": 0.6862514688601645,
            "f1": 0.8077455048409405
          }
        },
        "confusion_matrix": [
          [
            64,
            4,
            6,
            2
          ],
          [
            9,
            28,
            17,
            2
          ],
          [
            6,
            12,
            316,
            7
          ],
          [
            156,
            39,
            72,
            584
          ]
        ],
        "labels_order": [
          "negative",
          "neutral",
          "positive",
          "null"
        ]
      },
      "smell": {
        "f1_macro_4class": 0.6222006955201936,
        "f1_weighted_4class": 0.7704639428783331,
        "f1_macro_sentiment": 0.7036616100027642,
        "f1_presence": 0.6527012127894156,
        "balanced_accuracy": 0.6985313300837495,
        "g_mean": 0.5875000250065506,
        "per_class": {
          "negative": {
            "precision": 0.6481481481481481,
            "recall": 0.9459459459459459,
            "f1": 0.7692307692307693
          },
          "neutral": {
            "precision": 0.75,
            "recall": 0.1875,
            "f1": 0.3
          },
          "positive": {
            "precision": 0.43613138686131386,
            "recall": 0.9637096774193549,
            "f1": 0.6005025125628141
          },
          "null": {
            "precision": 0.9930362116991643,
            "recall": 0.696969696969697,
            "f1": 0.8190695002871913
          }
        },
        "confusion_matrix": [
          [
            35,
            0,
            2,
            0
          ],
          [
            8,
            3,
            5,
            0
          ],
          [
            3,
            1,
            239,
            5
          ],
          [
            8,
            0,
            302,
            713
          ]
        ],
        "labels_order": [
          "negative",
          "neutral",
          "positive",
          "null"
        ]
      },
      "price": {
        "f1_macro_4class": 0.35928861609114193,
        "f1_weighted_4class": 0.6097911024081936,
        "f1_macro_sentiment": 0.3259259259259259,
        "f1_presence": 0.49691358024691357,
        "balanced_accuracy": 0.33194444444444443,
        "g_mean": 0.0007648521168718195,
        "per_class": {
          "negative": {
            "precision": 0.0,
            "recall": 0.0,
            "f1": 0.0
          },
          "neutral": {
            "precision": 0.0,
            "recall": 0.0,
            "f1": 0.0
          },
          "positive": {
            "precision": 0.8676056338028169,
            "recall": 0.9777777777777777,
            "f1": 0.9194029850746268
          },
          "null": {
            "precision": 0.9943181818181818,
            "recall": 0.35,
            "f1": 0.5177514792899408
          }
        },
        "confusion_matrix": [
          [
            0,
            0,
            2,
            0
          ],
          [
            2,
            0,
            5,
            0
          ],
          [
            1,
            4,
            308,
            2
          ],
          [
            142,
            468,
            40,
            350
          ]
        ],
        "labels_order": [
          "negative",
          "neutral",
          "positive",
          "null"
        ]
      },
      "colour": {
        "f1_macro_4class": 0.6998922020395947,
        "f1_weighted_4class": 0.7776298547976048,
        "f1_macro_sentiment": 0.7427761476230978,
        "f1_presence": 0.8729154686601495,
        "balanced_accuracy": 0.6876337449529095,
        "g_mean": 0.6557641051914112,
        "per_class": {
          "negative": {
            "precision": 0.6515151515151515,
            "recall": 0.7413793103448276,
            "f1": 0.6935483870967742
          },
          "neutral": {
            "precision": 0.6923076923076923,
            "recall": 0.4153846153846154,
            "f1": 0.5192307692307693
          },
          "positive": {
            "precision": 0.718213058419244,
            "recall": 0.9827586206896551,
            "f1": 0.8299139642620781
          },
          "null": {
            "precision": 0.9942196531791907,
            "recall": 0.61101243339254,
            "f1": 0.7568756875687569
          }
        },
        "confusion_matrix": [
          [
            43,
            4,
            10,
            1
          ],
          [
            12,
            27,
            26,
            0
          ],
          [
            4,
            6,
            627,
            1
          ],
          [
            7,
            2,
            210,
            344
          ]
        ],
        "labels_order": [
          "negative",
          "neutral",
          "positive",
          "null"
        ]
      },
      "shipping": {
        "f1_macro_4class": 0.757662697337468,
        "f1_weighted_4class": 0.917138579653029,
        "f1_macro_sentiment": 0.7889274676882513,
        "f1_presence": 0.9201331114808652,