{
  "run": {
    "ckpt": "outputs/smoke_run/best_model.pt",
    "val_path": "data/splits/val.parquet",
    "text_col": "text_clean",
    "msr_strength": 0.0
  },
  "absa": {
    "overall_macro_f1_4class": 0.5242573086311026,
    "overall_macro_f1_sentiment": 0.5641755946847395,
    "per_aspect": {
      "stayingpower": {
        "f1_macro_4class": 0.5720451465278724,
        "f1_macro_sentiment": 0.6937538367096378,
        "f1_presence": 0.5762331838565022,
        "per_class": {
          "negative": {
            "precision": 0.6929824561403509,
            "recall": 0.8404255319148937,
            "f1": 0.7596153846153846
          },
          "neutral": {
            "precision": 0.6,
            "recall": 0.23076923076923078,
            "f1": 0.3333333333333333
          },
          "positive": {
            "precision": 0.2638888888888889,
            "recall": 0.9236111111111112,
            "f1": 0.4104938271604938
          },
          "null": {
            "precision": 0.9899425287356322,
            "recall": 0.65,
            "f1": 0.784738041002278
          }
        },
        "confusion_matrix": [
          [
            79,
            2,
            11,
            2
          ],
          [
            4,
            6,
            16,
            0
          ],
          [
            4,
            2,
            133,
            5
          ],
          [
            27,
            0,
            344,
            689
          ]
        ],
        "labels_order": [
          "negative",
          "neutral",
          "positive",
          "null"
        ]
      },
      "texture": {
        "f1_macro_4class": 0.5536931285397739,
        "f1_macro_sentiment": 0.717766563810892,
        "f1_presence": 0.6968796433878157,
        "per_class": {
          "negative": {
            "precision": 0.5446428571428571,
            "recall": 0.8026315789473685,
            "f1": 0.648936170212766
          },
          "neutral": {
            "precision": 0.19767441860465115,
            "recall": 0.30357142857142855,
            "f1": 0.23943661971830985
          },
          "positive": {
            "precision": 0.48148148148148145,
            "recall": 0.9530791788856305,
            "f1": 0.639763779527559
          },
          "null": {
            "precision": 0.991130820399113,
            "recall": 0.5252643948296122,
            "f1": 0.6866359447004609
          }
        },
        "confusion_matrix": [
          [
            61,
            3,
            12,
            0
          ],
          [
            4,
            17,
            34,
            1
          ],
          [
            5,
            8,
            325,
            3
          ],
          [
            42,
            58,
            304,
            447
          ]
        ],
        "labels_order": [
          "negative",
          "neutral",
          "positive",
          "null"
        ]
      },
      "smell": {
        "f1_macro_4class": 0.4675089792205467,
        "f1_macro_sentiment": 0.3282828282828283,
        "f1_presence": 0.911042944785276,
        "per_class": {
          "negative": {
            "precision": 0.0,
            "recall": 0.0,
            "f1": 0.0
          },
          "neutral": {
            "precision": 0.058823529411764705,
            "recall": 0.0625,
            "f1": 0.06060606060606061
          },
          "positive": {
            "precision": 0.7305389221556886,
            "recall": 0.9838709677419355,
            "f1": 0.8384879725085911
          },
          "null": {
            "precision": 0.9958890030832477,
            "recall": 0.9472140762463344,
            "f1": 0.9709418837675351
          }
        },
        "confusion_matrix": [
          [
            0,
            16,
            21,
            0
          ],
          [
            0,
            1,
            15,
            0
          ],
          [
            0,
            0,
            244,
            4
          ],
          [
            0,
            0,
            54,
            969
          ]
        ],
        "labels_order": [
          "negative",
          "neutral",
          "positive",
          "null"
        ]
      },
      "price": {
        "f1_macro_4class": 0.4401235221457561,
        "f1_macro_sentiment": 0.3270042194092827,
        "f1_presence": 0.8353096179183136,
        "per_class": {
          "negative": {
            "precision": 0.0,
            "recall": 0.0,
            "f1": 0.0
          },
          "neutral": {
            "precision": 0.0,
            "recall": 0.0,
            "f1": 0.0
          },
          "positive": {
            "precision": 0.7126436781609196,
            "recall": 0.9841269841269841,
            "f1": 0.8266666666666667
          },
          "null": {
            "precision": 0.9921259842519685,
            "recall": 0.882,
            "f1": 0.9338274219163578
          }
        },
        "confusion_matrix": [
          [
            0,
            0,
            2,
            0
          ],
          [
            0,
            0,
            5,
            2
          ],
          [
            0,
            0,
            310,
            5
          ],
          [
            0,
            0,
            118,
            882
          ]
        ],
        "labels_order": [
          "negative",
          "neutral",
          "positive",
          "null"
        ]
      },
      "colour": {
        "f1_macro_4class": 0.39627517853061267,
        "f1_macro_sentiment": 0.6284229995059075,
        "f1_presence": 0.7310278578290106,
        "per_class": {
          "negative": {
            "precision": 1.0,
            "recall": 0.25862068965517243,
            "f1": 0.410958904109589
          },
          "neutral": {
            "precision": 0.4105263157894737,
            "recall": 0.6,
            "f1": 0.4875
          },
          "positive": {
            "precision": 0.5161023947151114,
            "recall": 0.9796238244514106,
            "f1": 0.6760411032990806
          },
          "null": {
            "precision": 1.0,
            "recall": 0.0053285968028419185,
            "f1": 0.01060070671378092
          }
        },
        "confusion_matrix": [
          [
            15,
            36,
            7,
            0
          ],
          [
            0,
            39,
            26,
            0
          ],
          [
            0,
            13,
            625,
            0
          ],
          [
            0,
            7,
            553,
            3
          ]
        ],
        "labels_order": [
          "negative",
          "neutral",
          "positive",
          "null"
        ]
      },
      "shipping": {
        "f1_macro_4class": 0.6871742417298345,
        "f1_macro_sentiment": 0.6580708500368159,
        "f1_presence": 0.9012244897959184,
        "per_class": {
          "negative": {
            "precision": 0.926829268292683,
            "recall": 0.8539325842696629,
            "f1": 0.8888888888888888
          },
          "neutral": {
            "precision": 0.1111111111111111,
            "recall": 0.10714285714285714,
            "f1": 0.10909090909090909
          },
          "positive": {
            "precision": 0.726890756302521,
            "recall": 0.9829545454545454,
            "f1": 0.8357487922705314
          },
          "null": {
            "precision": 0.9908675799086758,
            "recall": 0.8498694516971279,
            "f1": 0.9149683766690091
          }
        },
        "confusion_matrix": [
          [
            152,
            16,
            5,
            5
          ],
          [
            9,
            3,
            16,
            0
          ],
          [
            1,
            4,
            346,
            1
          ],
          [
            2,
            4,
            109,
            651
          ]
        ],