{
  "run": {
    "ckpt": "outputs/gold_baseline_4class/best_model.pt",
    "val_path": "data/splits/val.parquet",
    "text_col": "text_clean",
    "msr_strength": 0.0
  },
  "absa": {
    "overall_macro_f1_4class": 0.683821209854736,
    "overall_macro_f1_sentiment": 0.7206942292548298,
    "per_aspect": {
      "stayingpower": {
        "f1_macro_4class": 0.7206644161767384,
        "f1_macro_sentiment": 0.7711947241359006,
        "f1_presence": 0.813614262560778,
        "per_class": {
          "negative": {
            "precision": 0.5126582278481012,
            "recall": 0.8617021276595744,
            "f1": 0.6428571428571429
          },
          "neutral": {
            "precision": 0.45161290322580644,
            "recall": 0.5384615384615384,
            "f1": 0.49122807017543857
          },
          "positive": {
            "precision": 0.7560975609756098,
            "recall": 0.8611111111111112,
            "f1": 0.8051948051948052
          },
          "null": {
            "precision": 0.9866117404737385,
            "recall": 0.9037735849056604,
            "f1": 0.9433776464795667
          }
        },
        "confusion_matrix": [
          [
            81,
            4,
            3,
            6
          ],
          [
            4,
            14,
            8,
            0
          ],
          [
            6,
            7,
            124,
            7
          ],
          [
            67,
            6,
            29,
            958
          ]
        ],
        "labels_order": [
          "negative",
          "neutral",
          "positive",
          "null"
        ]
      },
      "texture": {
        "f1_macro_4class": 0.6406306337361136,
        "f1_macro_sentiment": 0.8074334579646837,
        "f1_presence": 0.7147239263803681,
        "per_class": {
          "negative": {
            "precision": 0.6534653465346535,
            "recall": 0.868421052631579,
            "f1": 0.7457627118644068
          },
          "neutral": {
            "precision": 0.358695652173913,
            "recall": 0.5892857142857143,
            "f1": 0.44594594594594594
          },
          "positive": {
            "precision": 0.49686520376175547,
            "recall": 0.9296187683284457,
            "f1": 0.6475995914198162
          },
          "null": {
            "precision": 0.9858012170385395,
            "recall": 0.5710928319623971,
            "f1": 0.7232142857142857
          }
        },
        "confusion_matrix": [
          [
            66,
            3,
            7,
            0
          ],
          [
            6,
            33,
            16,
            1
          ],
          [
            5,
            13,
            317,
            6
          ],
          [
            24,
            43,
            298,
            486
          ]
        ],
        "labels_order": [
          "negative",
          "neutral",
          "positive",
          "null"
        ]
      },
      "smell": {
        "f1_macro_4class": 0.7756342876735488,
        "f1_macro_sentiment": 0.732415745807398,
        "f1_presence": 0.9413629160063391,
        "per_class": {
          "negative": {
            "precision": 0.7083333333333334,
            "recall": 0.918918918918919,
            "f1": 0.8
          },
          "neutral": {
            "precision": 0.625,
            "recall": 0.3125,
            "f1": 0.4166666666666667
          },
          "positive": {
            "precision": 0.8613138686131386,
            "recall": 0.9516129032258065,
            "f1": 0.9042145593869731
          },
          "null": {
            "precision": 0.9959758551307847,
            "recall": 0.967741935483871,
            "f1": 0.9816559246405553
          }
        },
        "confusion_matrix": [
          [
            34,
            1,
            2,
            0
          ],
          [
            6,
            5,
            5,
            0
          ],
          [
            6,
            2,
            236,
            4
          ],
          [
            2,
            0,
            31,
            990
          ]
        ],
        "labels_order": [
          "negative",
          "neutral",
          "positive",
          "null"
        ]
      },
      "price": {
        "f1_macro_4class": 0.5916374926563358,
        "f1_macro_sentiment": 0.6298387096774194,
        "f1_presence": 0.9215116279069767,
        "per_class": {
          "negative": {
            "precision": 0.25,
            "recall": 1.0,
            "f1": 0.4
          },
          "neutral": {
            "precision": 0.05263157894736842,
            "recall": 0.14285714285714285,
            "f1": 0.07692307692307693
          },
          "positive": {
            "precision": 0.887240356083086,
            "recall": 0.9492063492063492,
            "f1": 0.9171779141104295
          },
          "null": {
            "precision": 0.9927083333333333,
            "recall": 0.953,
            "f1": 0.9724489795918367
          }
        },
        "confusion_matrix": [
          [
            2,
            0,
            0,
            0
          ],
          [
            0,
            1,
            6,
            0
          ],
          [
            1,
            8,
            299,
            7
          ],
          [
            5,
            10,
            32,
            953
          ]
        ],
        "labels_order": [
          "negative",
          "neutral",
          "positive",
          "null"
        ]
      },
      "colour": {
        "f1_macro_4class": 0.795290648336244,
        "f1_macro_sentiment": 0.7780507115950154,
        "f1_presence": 0.9597957881301851,
        "per_class": {
          "negative": {
            "precision": 0.6923076923076923,
            "recall": 0.7758620689655172,
            "f1": 0.7317073170731707
          },
          "neutral": {
            "precision": 0.547945205479452,
            "recall": 0.6153846153846154,
            "f1": 0.5797101449275363
          },
          "positive": {
            "precision": 0.907185628742515,
            "recall": 0.9498432601880877,
            "f1": 0.9280245022970903
          },
          "null": {
            "precision": 0.9826254826254827,
            "recall": 0.9040852575488455,
            "f1": 0.9417206290471786
          }
        },
        "confusion_matrix": [
          [
            45,
            4,
            6,
            3
          ],
          [
            11,
            40,
            14,
            0
          ],
          [
            3,
            23,
            606,
            6
          ],
          [
            6,
            6,
            42,
            509
          ]
        ],
        "labels_order": [
          "negative",
          "neutral",
          "positive",
          "null"
        ]
      },
      "shipping": {
        "f1_macro_4class": 0.756769806184082,
        "f1_macro_sentiment": 0.761356775637492,
        "f1_presence": 0.9095394736842105,
        "per_class": {
          "negative": {
            "precision": 0.890625,
            "recall": 0.9606741573033708,
            "f1": 0.9243243243243243
          },
          "neutral": {
            "precision": 0.275,
            "recall": 0.39285714285714285,
            "f1": 0.3235294117647059
          },
          "positive": {
            "precision": 0.7816901408450704,
            "recall": 0.9460227272727273,
            "f1": 0.8560411311053985
          },
          "null": {
            "precision": 0.9924924924924925,
            "recall": 0.8629242819843342,
            "f1": 0.9231843575418994
          }
        },